,cutoff1,cutoff2,double,single
0,-1.64485363,1.64485363,0.0001032,0.000603
